<?xml version="1.0" encoding="UTF-8"?>
<root>
  <item name="de.kenkou.sdk.headless.core.measurement.Yuv int detectType(android.media.Image)">
    <annotation name="androidx.annotation.IntDef">
      <val name="value" val="{android.graphics.ImageFormat.NV21, android.graphics.ImageFormat.YUV_420_888}" />
    </annotation>
  </item>
  <item name="de.kenkou.sdk.headless.core.measurement.Yuv int detectType(androidx.camera.core.ImageProxy)">
    <annotation name="androidx.annotation.IntDef">
      <val name="value" val="{android.graphics.ImageFormat.NV21, android.graphics.ImageFormat.YUV_420_888}" />
    </annotation>
  </item>
  <item name="de.kenkou.sdk.headless.core.measurement.Yuv int detectType(de.kenkou.sdk.headless.core.measurement.Yuv.ImageWrapper)">
    <annotation name="androidx.annotation.IntDef">
      <val name="value" val="{android.graphics.ImageFormat.NV21, android.graphics.ImageFormat.YUV_420_888}" />
    </annotation>
  </item>
  <item name="de.kenkou.sdk.headless.core.measurement.Yuv void removePadding(de.kenkou.sdk.headless.core.measurement.Yuv.ImageWrapper, int, java.nio.ByteBuffer) 1">
    <annotation name="androidx.annotation.IntDef">
      <val name="value" val="{android.graphics.ImageFormat.NV21, android.graphics.ImageFormat.YUV_420_888}" />
    </annotation>
  </item>
  <item name="de.kenkou.sdk.headless.core.measurement.Yuv.Converted Converted(int, java.nio.ByteBuffer) 0">
    <annotation name="androidx.annotation.IntDef">
      <val name="value" val="{android.graphics.ImageFormat.NV21, android.graphics.ImageFormat.YUV_420_888}" />
    </annotation>
  </item>
  <item name="de.kenkou.sdk.headless.core.measurement.Yuv.Converted type">
    <annotation name="androidx.annotation.IntDef">
      <val name="value" val="{android.graphics.ImageFormat.NV21, android.graphics.ImageFormat.YUV_420_888}" />
    </annotation>
  </item>
  <item name="de.kenkou.sdk.headless.core.measurement.Yuv.YuvType">
    <annotation name="androidx.annotation.IntDef">
      <val name="value" val="{android.graphics.ImageFormat.NV21, android.graphics.ImageFormat.YUV_420_888}" />
    </annotation>
  </item>
</root>

